123sportwetten.eu,de
123sportwetten.eu,de
3-liga.com,de
5vier.de,en
agile-unternehmen.de,de
aichacher-zeitung.de,NA
ajoure.de,NA
alpenschau.com,de
altmuehlfranken-online.de,de
amerikareport.de,de
androidmag.de,de
anpfiff.info,NA
apfelnews.de,de
apfelpage.de,NA
appoid.de,NA
apps-gratis.info,NA
balaton-zeitung.info,de
bauwohnwelt.at,de
bensheim-auerbach.com,de
berlin030.de,de
blogigo.de,de
brainblog.net,de
bundespresseportal.de,de
cryptocurrencies.fan,de
cvj.ch,de
dailygame.at,de
derneuemann.net,de
die-smartwatch.de,de
dieboersenblogger.de,NA
digital-manufacturing-magazin.de,de
digital-smartness.de,de
dirks-computerecke.de,de
drlima.net,en
ebook-fieber.de,de
ecommerce-vision.de,de
egotrek.de,de
ekiwi-blog.de,de
energiequellen.net,de
erfahrungenscout.de,de
familien-magazin.com,de
fezz.tv,de
filmreporter.de,de
filstalexpress.de,de
finanzblatt.net,de
finanzkun.de,de
finanzmarktwelt.de,de
frauenfinanzseite.de,NA
friedrichshainblog.de,de
fussballmanager.de,de
gailtal-journal.at,de
gamenewz.de,de
gamersmagazine.de,de
games-magazin.de,de
gamessphere.de,de
gamezoom.net,de
gamingnewstime.de,de
geemag.de,de
gesundheits-fakten.de,de
go-innovation.de,de
hamburg-magazin.de,de
kiel-magazin.de,de
luebeck-magazin.de,de
hartware.de,de
heinz-schmitz.org,de
hildesheimer-presse.de,de
hypesrus.com,de
iloveleipzig.com,de
ingame.de,de
interestshare.de,de
iphone-magazin.eu,de
iplayapps.de,NA
kinoundco.de,de
klatsch-tratsch.de,de
550,NA
mail.wochenblitz.com,NA
menify.com,de
nachgebloggt.de,de
new-facts.eu,de
online-banken.biz,NA
pfalz-express.de,de
regio-aktuell24.de,de
rendsburg-eckernfoerde-aktuell.de,de
tenoftheday.de,de
thecoinshark.net,NA
uelzener-presse.de,de
urlaubshighlights.de,de
waszumspielen.de,en
wii-u-portal.de,NA
windows-tweaks.info,de
wvv-jugend.de,NA
xboxuser.de,de
grundlagen-computer.de,de
tablethype.de,de
sysadminslife.com,de
schlaunews.de,de
wvv-jugend.de,NA
xboxuser.de,de
grundlagen-computer.de,de
tablethype.de,de
sysadminslife.com,de
schlaunews.de,de
ratgebermagazine.de,de
ratgebertv.com,de
freiszene.de,de
ratgeber-alltag.de,de
haushalts-magazin.de,de
wirtschaft-tv.com,de
buyanycoin.de,de
ibmcoin.org,nl
hempcoin.de,de
celler-presse.de,de
eulenwolf.de,de
stz-rottenburg.de,de
ajoure-men.de,de
ajoure-travel.de,de
austro-immo.de,de
automatischer-besuchertausch.de,en
datenschutz-checklisten.de,de
der-besuchertauscher.de,en
diewunschimmobilie.de,en
domz.org,en
dostcoimmobilien.de,en
echte-besucher.de,en
fiesosdreamradio.de,en
hd-wohnen.de,en
heidelbergerwohnen.com,NA
heidelberger-wohnen.com,en
heidelberger-wohnen.info,en
heidelbergimmobilien.net,en
heidelbergimmobilienmakler.com,en
ihrimmobilienmaklerheidelberg.com,en
ihrimmobilienmaklerinheidelberg.com,en
ihrimmobilienmaklerinheidelberg.de,en
immobilie-bewerten.blog,en
immobilienbewertung.blog,en
immobilienfinanzierung.blog,en
immobilien-finanztip.com,en
immobilieninvestment.blog,en
immobilienmakler-hd.de,en
immobilienmakler-heidelberg.blog,en
immobilienmaklerheidelberg.net,en
immobilienmakler-karlsruhe.com,en
immobilienmakler-scout.de,en
immobilienvermieten.de,en
immobilienwertung.de,en
immobilien-news.org,en
joernsimmobilien.de,NA
leichtathletik-heidelberg.de,NA
links-4u.de,de
lizpurcell.com,en
muskelaufbauprodukte.de,NA
sauhaufen.de,NA
schiffelholz-immobilien.de,en
text-kreativ-online.de,de
transport-lagerung.de,en
verkaufvonimmobilien.de,en
warmen.de,en
ankaufvonimmobilien.de,en
immobilienbewertungkostenlos.de,en
immobilien.land,NA
immobilienwertermitteln.de,en
immobilien.fan,es
makler.fan,NA
immobilienmakler.fan,NA
heidelberg.fan,es
immobilienverkauf.org,en
immobilieninvestment.digital,en
immobilienfinanzierung.digital,en
immobilienmakler.digital,en
immobilienbewertung.digital,en
immobilienheidelberg24.de,en
heidelberg-real-estate.de,en
immobilienbewertung.app,en
immobilieninvestment.app,en
immobilienmakler.app,en
immobilienbewertungonline.com,en
immobilienbewertung-online.com,en
kostenlos-mehr-besucher.de,en
besuchertauschsysteme.de,en
xrp.fan,de
cryptoinvestment.today,de
ibmcoin.de,nl
ibmcoin.eu,nl
beste-kostenlose-apps.de,NA
online-erfolgreich.net,NA
techfacts.de,de
elternforen.com,de
reiselist.de,de
weblog-deluxe.de,de
ratgeber-schoenheit.com,de
operation.de,de
sparneuwagen.de,NA
appletutorials.de,de
largo-art.de,de
android-profis.de,de
die-tastenkombination.de,de
wellness-massage-portal.de,de
pl19.de,de
ratgeber-wellness.com,de
apfellike.com,de
fitness-uhr.net,de
voondo.de,de
mobildingser.com,de
netz-blog.de,de
tvsong.de,de
thelwordonline.de,de
projekt-beat.de,de
computerclub-2.de,de
zapondo.de,de
guenstiger-strom.net,de
schoenheitsop.com,de
ratgeber-beauty.com,de
weltweitwissen2009.de,de
consulmex-munich.de,de
efbs-eeb.deefbs-eeb.de,NA
kleinkredit-vergleich.com,de
creyfs.de,de
watchblog-tv.de,de
opus61.de,de
lieberverliebt.de,de
fitplaza.de,de
xulblog.de,de
straw-dogs.de,de
attilon.de,de
theward.de,de
my-123-geschenkideen.de,de
internet-marketing-guide.de,de
buko2011.de,de
feinschmecker-aktuell.de,de
kinderberlin.de,de
autocrunch.de,de
3gapps.de,de
ratgeber-massagen.com,de
gebrauchtwagen-neuautos.de,de
damenmode-kleidung.de,de
iransports.net,en
der-bank-blog.de,de
Bundesverkehrsportal.de,de
Bundesumweltportal.de,de
Bundesjustizportal.de,de
Bundeswirtschaftsportal.de,de
Bundesfinanzportal.de,de
finanzberatung-frommholz.de,de
wohnlounge.at,de
markteinblicke.de,de
boyens-medien.de,de
wisst-ihr-noch.de,en
angelschein.net,de
survivalcore.de,de
manime.de,de
sofahelden.de,de
basic-tutorials.de,de
escene.de,de
gamefront.de,de
rom-welten.de,de
toocrazygames.de,pt
craftube.de,NA
filmpluskritik.com,de
casino-tips-online.de,NA
onlinegewinnen.info,de
iofp.de,NA
ostwestf4le.de,de
luxusshops.com,NA
nordmeer.de,de
informelles.de,de
bilderrampe.de,de
weltansehen.de,de
anniesbeautyhouse.de,de
lebe-liebe-lache.com,de
arsano.de,de
riu-check.de,de
finanz-sektor.de,de
modernbeauty.de,de
farbe-und-stil.info,de
arshwood.com,NA
ayurhealthtips.com,en
hsslive.home.blog,en
wpepro.net,en
latestgadget.co,en
techwiki.in,en
southernafrican.news,en
celebritynews.wiki,en
newswire.net,en
geld-tipps.org,de
guenstig-urlaub.biz,de
news-wittlich.de,de
aiis.de,de
behoerden-spiegel.de,de
dawo-dresden.de,de
epenportal.de,de
erfolg-magazin.de,de
europeonline-magazine.eu,de
fazemag.de,de
finanzpraxis.com,de
finanzratgeber24.de,de
flensburg-szene.de,de
go-gadget.de,de
goekick.com,de
husum-online.de,de
metropolnews.info,NA
mittelstand-nachrichten.de,de
pieschen-aktuell.de,de
regensburger-nachrichten.de,de
rundschau-duisburg.de,de
sachsen-fernsehen.de,de
schlaue-seiten.de,de
startupvalley.news,en
tagblatt.de,de
topsubmit.de,de
verbraucher-tipps.com,de
wirin.de,de
wochenspiegellive.de,de
xboxfront.de,de
xyonline.de,de
saechsische.de,en
prnews24.com,de
franchiseportal.de,de
portalderwirtschaft.de,de
tegernseerstimme.de,de
redaktion.forium.de,en
wirtschaft-regional.net,de
pr-echo.de,de
bsozd.com,de
managementportal.de,de
bienenstube.net,de
bwlzweinull.de,de
sommer-in-hamburg.de,de
wechselpiraten.de,de
verbraucherschutz.tv,de
investmentpresse.de,de
blockchain-infos.de,de
onpulson.de,de
bankingclub.de,de
concertopro.ch,de
meinstartup.com,de
gruenderfreunde.de,de
geldhelden.org,de
360kompakt.de,de
deutschland-startet.de,de
franchise-treff.de,de
russischerundschau.com,NA
report.at,de
report-d.de,de
radiohamburg.de,de
polizeiticker.ch,de
otz.de,de
noows.de,de
muenchen.tv,de
monatliche.at,de
m.liveblatt.de,de
l-iz.de,de
karlsruhe-insider.de,de
hallo-luebbecke.de,de
faz.net,de
blinker.de,de
allgaeuhit.de,de
agrarheute.com,de
vorschau.polen.pl,de
finanz.at,de
maschinenmarkt.ch,de
klartext.la,de
wirtschafts-presse.de,de
1st-news.de,de
newbusinessnews.at,de
thekasaantimes.de,de
ukraine-nachrichten.de,de
russland.capital,de
bice.md,de
webmirko.de,de
deutschlandreporter.tv,de
newsbreak24.de,de
pp.hn,de
a-vis.de,de
actuell24.de,de
aktienmarkt-heute.de,de
newsburger.de,de
online-news.info,de
sn.at,de
kurzreporter.de,de
blo24.at,de
uelzenheute.de,NA
wochenblatt.de,de
stadtreporter.de,de
unicum-media.com,NA
unicum.de,de
gastronomie-news.com,de
mobile-magazin.com,de
hotellerie-nachrichten.de,de
meinmobilemagazin.de,de
money-fuchs.de,de
publizieren-im-netz.de,de
papalapapi.de,de
dschungelcamp.tv,de
pandemie20.de,de
offline.me,de
stereoaktiv.de,de
tweetboard.me,en
vegan-wonderland.de,de
netstore.de,de
tigersuche.de,de
way2business.de,de
power-guestbook.de,de
suchmaschinen-gui.de,de
server2go-web.de,de
kitcheness.de,de
teich-profi.de,de
stiftungsindex.de,de
oekosuchmaschine.de,de
esoterikverzeichnis.de,de
einpraegsam.de,de
deutschlandurlauber.de,de
music-club-live.de,de
mmoggg.de,de
gardenerscentre.eu,de
designers-heaven.de,de
dennis-streichert.de,de
network-energie.de,de
toptrendz.net,en
dumont-rheinland.de,NA
technogiants.net,en
ed-live.de,de
fs-live.de,de
fm-live.de,de
sz-immo.de,de
port01.com,de
algarve-entdecker.com,de
techstory.in,en
technofizi.net,en
exporthub.co,en
olaladirectory.com.au,en
sachwert-magazin.de,de
founders-magazin.de,de
Coincierge.de,de
Kryptoszene.de,de
Ht4u.net,de
Aktienboard.com,de
Aktien-blog.com,de
brandaktuell.at,de
mittellaendische.ch,de
rontaler.ch,de
ap-verlag.de,de
firstlife.de,de
wiwa-lokal.de,de
ostexperte.de,de
esslinger-zeitung.de,de
regionews.at,de
dienstagischekurant.com,NA
archeomedia.net,it
mecenate.info,it
2raedrig.de,de
3tuerig.de,de
5tuerig.de,de
autosvongestern.de,de
boot-und-yachten.de,de
dastuningblog.de,NA
meindrahtesel.de,de
offroad-blog.de,de
ps-gefluester.de,de
zweirad-spass.de,de
blog-haustiere.de,de
diegartenoase.de,de
diekaffeeschule.de,de
fischsorten.de,de
hempels-sofa.net,NA
kaffeevollautomaten.net,de
kinderpools.de,NA
kraeuterallerlei.de,de
meinehaushaltstipps.de,de
meine-heimwerkertipps.de,de
meinlieblingsessen.de,de
meinwohnparadies.de,de
nurbier.de,de
vegetarian-only.de,de
bundesligamannschaften.de,de
fussballboom.de,de
life4sports.de,de
us-sportarten.de,NA
sportplatz-news.de,de
zweitligamannschaften.de,NA
versicherungen-beratung.de,de
tcwords.com,de
daswissensblog.de,de
diekarriereleiter.de,de
finanz-reporter.de,de
immobilien-in-deutschland.net,de
investor-planet.net,de
kredit-journal.net,de
meinsteuerparadies.de,de
riesterrente-info.de,de
studentendarlehen.org,NA
studiblogger.de,de
absolut-bio.de,de
amenica.de,de
beauty-schminktipps.de,de
belledame.de,de
fashion-guy.de,de
frauen-magazin.com,de
luxusfans.de,de
nonstop-shopping.com,NA
ratgeber-magazin.eu,de
stadtprinzessin.net,de
123-und-weg.de,de
amerika-tour.net,de
campingausruestung.net,de
diepauschalreise.de,de
endlichurlaub.net,de
ferienanlagen.net,de
ferienzentrale.com,de
flugangebote.de,de
lifeinjapan.de,de
skitravel.de,de
staedte-wissen.de,de
travelblogging.de,de
appleview.de,NA
computerview.de,de
derflimmerkasten.de,de
derspeicherplatz.de,de
digitalkameravergleiche.de,de
heimkinobeamervergleich.de,de
kamerafokus.de,de
konsolen-spass.de,de
lcdtvfernseher.de,de
navigogo.de,de
netbook-kaufberatung.de,de
phonereloaded.de,NA
promi-star.de,de
welt-blog.ch,de
aicomic.com,de
cinematalk.de,NA
musicattack.de,de
germanblogs.de,de
allergiewelle.de,de
blog-barrierefrei.de,de
blog-fitness.de,de
dasdiabetesblog.de,de
dasmedizinblog.de,de
dassexblog.de,de
familienwegweiser.com,de
gesundheitsweb.eu,de
keinfastfood.de,de
kindheitsblog.de,de
sanfte-medizin.net,de
schultaschen.org,NA
vieventi.de,de
wellnesskomplett.de,de
affektblog.de,de
Austriantimes.at,de
Oefin.at,de
Unserdaheim.at,de
wikileaks.info,en
abi.unicum.de,de
unicheck.unicum.de,de
karriere.unicum.de,de
meinbezirk.at,de
zueriost.ch,de
raptastisch.net,de
Ihrerschweizmagazin.ch,NA
consulting-plus.de,de
unzensuriert.at,de
toponline.ch,de
verkehrsrundschau.de,de
tlz.de,de
radiogong.com,de
meincharivari.de,de
mainfranken24.de,de
versicherungsjournal.at,de
vindobona.org,en
radioarabella.de,de
schwaebische-post.de,de
gmuender-tagespost.de,de
stadt-nachrichten.de,de
polizei-nachrichten.at,de
radio-luzern.ch,de
ruhr24.de,de
fintechnews.ch,en
schweizmagazin.ch,NA
wirtschaftskurier.de,de
partner-inform.de,ru
trendyone.de,de
nokzeit.de,de
polizei.news,de
vorsprung-online.de,de
phanimenal.de,de
sport.ch,de
welovefootball.news.raiffeisen.ch,de
welovesnow.news.raiffeisen.ch,de
savoirnews.net,NA
homeiswhereyourbagis.com,de
indojunkie.com,de
trendings.de,NA
noen.at,de
bvz.at,de
kreiszeitung-wochenblatt.de,de
anzeiger-verlag.de,de
oe24.at,de
morgenpost.de,de
aarauer-nachrichten.ch,de
lenzburger-nachrichten.ch,de
zofinger-nachrichten.ch,de
bodensee-nachrichten.ch,de
kreuzlinger-nachrichten.ch,de
weinfelder-nachrichten.ch,de
frauenfelder-nachrichten.ch,de
untersee-nachrichten.ch,de
luzerner-rundschau.ch,de
luru.ch,de
noz-oberaargau.ch,de
noz.ch,de
obna.ch,de
rheintaler-bote.ch,de
st-galler-nachrichten.ch,de
gossauer-nachrichten.ch,de
herisauer-nachrichten.ch,de
toggenburger-zeitung.ch,de
seeundgaster-zeitung.ch,de
unterland-zeitung.ch,de
wiler-nachrichten.ch,NA
winterthurer-zeitung.ch,de
zugerwoche.ch,de
oepb.at,de
rro.ch,en
koeln-deluxe.de,de
k.at,de
profil.at,de
city-news.de,de
insider-hamburg.de,NA
relevant.at,de
brainiacs.at,de
griechenland.net,de
all-inn.at,de
kosmo.at,de
leobennews.at,NA
hamburger-allgemeine.de,de
reportnet24.de,NA
saar-mosel-news.de,de
lausitznews.de,de
uzwil24.ch,de
wil24.ch,de
gossau24.ch,de
herisau24.ch,de
andysparkles.de,de
speisekarte.de,de
trips4kids.de,de
schwaebische.de,de
lust-auf-oesterreich.at,de
hz.de,de
nordpresse.be,en
saarnews.com,de
mein-klagenfurt.at,de
soaktuell.ch,de
agaktuell.ch,de
aktuelle-nachrichten-online.eu,en
proexpert24.de,de
marx-city.de,de
Bückeburg-lokal.de,NA
24nyt.dk,da
familierockt.com,de
fcbinside.de,de
dahoam-in-dachau.de,NA
foerde-news.de,de
born2invest.de,de
nordhessen-journal.de,de
Wertheim24.de,de
latina-press.com,de
dieunbestechlichen.com,de
krisenfrei.com,de
qpress.de,de
journalistenwatch.com,de
austria-today.ru,ru
dieoberoesterreicherin.at,de
dieniederoesterreicherin.at,de
gsanspermis.com,fr
electriquemag.fr,fr
original-vintage-mag.fr,fr
maisonsavivre-mag.fr,fr
mx2k.com,fr
trailadventuremag.fr,fr
westfalium.de,de
rhein-wied-news.de,de
duesseldorf-wirtschaft.de,de
e4sy.de,de
gsi-news.at,de
UNTERNEHMEN-HEUTE.de,de
in-und-um-schweinfurt.de,de
frauenpanorama.de,de
enwipo.de,NA
top-news.at,de
freakyfinance.net,de
miningscout.de,de
trading-treff.de,de
anwalt-erbrecht.de,de
bankenblatt.de,de
trading-fachwissen.de,de
blkk.de,NA
bank-ratgeber.de,de
kapitalmarktexperten.de,de
betrugstest.net,de
online-girokontovergleich.de,de
fonds-universum.de,de
dividenden24.de,de
berufsunfaehigkeitsversicherung-news.de,de
kredit-vergleich-news.de,de
lebensversicherung-news.de,de
riester-rente-tipps.de,de
wallstreet-letter.de,de
spezialfonds-info.de,de
finblog.de,de
mydividends.de,de
finanzblog-frf.de,NA
onlinekredit-sofortzusage.net,de
kreditaktuell.net,de
kredit-markt.eu,de
bankenundpartner.de,de
kritische-trader.de,de
optionen-insider.de,de
forexchef.de,de
neustadt-ticker.de,de
besserlaengerleben.at,de
bonz.ch,de
wellnessino.ch,de
takerisk.net,de
gold-kaufen.li,de
freie-fahrt.ch,de
bitcoinnewsaustria.com,en
ftd.de,de
futurezone.at,de
tvueberregional.de,de
Gastartikelswebmirko.de,NA
citynews-koeln.de,en
fotointern.ch,de
Sinsheim-Lokal.de,de
Kraichgau-lokal.de,de
Leimen-lokal.de,de
gruender-welt.com,de
sicherheit365.info,de
care-smart-repair.de,de
gruender-presse.de,de
stromvergleicherechner.de,de
marketing4null.de,de
seo4null.de,de
pfalz-mama.de,de
naturkoch.de,de
franchise-welt.com,de
omas-hausmittel.net,de
barnboox.de,de
sportme.de,de
fitnessmarket.de,de
outdoor-magazine.de,de
oekoreisen.com,de
kfz-informationen.de,de
finanzantworten.de,de
kredittarifrechner.de,de
spam-info.de,NA
btc-echo.de,de
e-commerce-magazin.de,de
derivatecheck.de,NA
zertifikatecheck.de,NA
forexcheck.de,NA
Peketec.de,de
ad-hoc-news.de,de
kurier.at,de
dieharke.de,de
deutsche-mittelstands-nachrichten.de,NA
de.cryptonews.com,de
fintechnews.ae,en
xn--binre-optionen-7hb.info,de
pesterlloyd.net,NA
deavita.com,en
archzine.net,de
freshideen.com,de
alleideen.com,de
kryptozeitung.com,de
indienheute.de,de
krypto-nachrichten.com,de
asicsonitsukatigermexicomid.com,de
moneypro.ch,de
agrar-presseportal.de,de
proplanta.de,de
geolitico.de,de
klamm.de,de
bitcoinnews.ch,de
foerderportal.a,NA
finanzfaq.com,NA
geldfrage.org,NA
immobilien-bewertung-finanzierung.de,de
finance-tipp.de,de
versicherungen-blog.de,de
rechnungswesenforum.de,de
immoanleger.de,NA
trotz-schufa.org,de
ratenzahlung.de,de
gruenesgeld24.de,NA
gruenesgeld.net,de
trendfolge.info,de
aktienjournal.de,de
kredit.sc,NA
arbeitskreis-krankenversicherungen.de,de
ruch-finanzberatung.de,NA
instock.de,NA
kreditkartenvergleich.org,de
derfestgeldvergleich.net,de
steuerncheck.net,de
steuertalk.de,de
geld-magazin.de,de
ueberweisungstraeger.com,de
rohstoffecheck.de,NA
optionsscheinecheck.de,NA
cryptomonday.de,de
erfolg-als-freiberufler.de,de
boerse-express.com,en
oberallgaeu.info,de
mmnews.de,de
berufebilder.de,de
finanzwelt.de,de
hausbautipps24.de,de
gartentipps24.de,NA
fenster-tipps24.de,NA
versicherung-tipps24.de,NA
finanzierungstipps24.de,de
blockchain-hero.com,en
coinkurier.de,de
Dasschlagermagazin.de,de
Somutech.de,de
Wachblog.de,NA
blockchain.news,en
bitcoininsider.org,en
kreiszeitung.net,NA
neckar-chronik.de,de
bauguide.at,de
forum-csr.net,de
moneycab.com,en
experto.de,de
Automotive-Aktuell.de,de
Business-Echo.de,de
eMobilratgeber.de,de
Wirtschaftsfenster.de,de
Bauen-Garten.de,de
Reiseratgeber24.de,de
Karriere-Aktuell.de,de
Gesundheit-On.de,de
Bauen-Wohnen-Aktuell.de,de
Oberberg-Nachrichten.de,de
Suedwestfalen-Nachrichten.de,de
nachrichten-fabrik.de,de
stadtzeitung.de,NA
richtigteuer.de,de
aboutbusiness.at,de
der-finanzfisch.de,de
selbststaendigkeit.de,de
unternehmer.de,de
extremnews.com,de
she-works.de,de
starting-up.de,de
mobilbranche.de,de
sachsen-online.de,NA
produktwarnung.eu,de
thorsten-blaufelder.de,de
dzonline.de,de
nön.at,de
meinfussball.at,de
nitelife.at,de
pressfrom.info,en
russland.news,NA
de.decentral.news,NA
wuppertal-total.de,de
wirtschaftszeit.at,de
ihronlineberater.de,NA
deutsche-wirtschafts-nachrichten.de,de
sevenmac.de,NA
greenfamily.de,NA
dubainews.de,NA
tooltricks.de,NA
Wahrsagerin.net,NA
die-webzeitung.de,en
schwetzingen-lokal.de,de
riesa-lokal.de,de
schwerin-lokal.de,de
bueckeburg-lokal.de,de
mannheimer-nachrichten.de,de
unternehmerweb.at,de
der-seminar.de,de
halle-saalekreis-netzwerk.de,de
socialmediastatistik.de,de
onlinegeister.com,de
selbstaendig-in-mitteldeutschland.de,de
awaron.de,de
com-5.de,de
geldtipp-internet.de,de
needmoney.de,de
neue-pressemitteilungen.de,de
business24.ch,de
eurasischesmagazin.de,NA
mmo-spy.de,de
news8.de,de
hubu.de,de
blackbeats.fm,NA
fesch.tv,en
ideecon.com,de
steadynews.de,de
mittelstandinbayern.de,de
onlinemarktplatz.de,de
marktmeinungmensch.at,NA
marktmeinungmensch.de,NA
die-wirtschaftsnews.de,de
leipzig-online.de,de
eBikeZone.de,NA
Born2.Bike,de
AUTO-PRESSE.de,de
MotorZeitung.de,de
business-panorama.de,de
Allrad-News.de,de
Transporter-News.de,de
Caravan-News.de,de
Motor-Traffic.de,de
Motor-Exclusive.de,de
Umwelt-Panorama.de,de
SuperSparReisen.de,NA
SMARTHOME-ON.de,de
macgadget.de,de
xtranews.de,de
bautzenerbote.de,de
boostyourcity.de,de
modelvita.com,de
hamburg040.com,de
epochtimes.de,de
express.de,de
stuttgart-journal.de,de
forschung-und-wissen.de,de
deutsch-chinesische-allgemeine.com,de
blockchainwelt.de,de
Coin-Ratgeber.de,de
bitcoin-generator.de,de
Bitcoin-Guide.se,sv
alem.de,de
assysmedia.de,en
lifestyleme.de,de
coin-update.de,de
finanznewsonline.de,de
coinpro.ch,de
1A-Automarkt.de,de
1A-Finanzmarkt.de,NA
1A-Immobilienmarkt.de,de
1A-IT-News.de,NA
1A-Onlinemarkt.de,de
1A-Reisemarkt.de,NA
1A-Singleboerse.de,de
1A-Stellenmarkt.de,de
Autovisits.de,NA
CityVisits.de,NA
die-wg-boerse.de,NA
etechnik-direkt-shop.de,de
fine-resorts.de,de
immovisits.de,NA
info-mops.de,NA
lr-direkt24.de,NA
lr-vorteils-shop.de,NA
motormobil.de,de
Ort.CityVisits.de,NA
reisebummler.de,de
menschen-in-dresden.de,de
herbstzeit.de,de
forextotal.de,de
5min.at,en
wochenblatt.cc,de
nex24.news,de
andreas-unterberger.at,de
"Hi Jorg,",NA
regionews.eu,de
firefighter24.com,de
neopresse.com,de
wirtschaft.com,de
radio-kreta.de,de
forumhome.com,de
vergleich-sofortrente.de,de
finanzmanager24.de,de
vergleich-bausparen.de,de
projekt-neuseeland.de,de
nibelungen-kurier.de,de
tip-verlag.de,de
pflege-durch-angehoerige.de,de
phone-magazin.org,NA
insidexbox.de,de
hl-journal.de,de
geldschnurrbart.de,de
chronischkrank.at,de
beautyressort.de,de
Raumideen.org,de
Rubbelbatz.de,de
fanaticar.de,de
goodnews4.de,de
Finanzprodukt.ch,de
appgamers.de,de
gutschein-zeitung.de,de
netztuner.de,de
financezweinull.de,de
wuerzburgerleben.de,de
ansbachplus.de,de
swity.de,de
versicherungsbote.de,NA
finanzzeug.de,de
wirtschafts-blogger.de,de
economy-blogger.de,de
der-wirtschaftler.de,de
alltags-oekonom.de,de
umwelt-butler.de,de
pfadsucher.de,NA
eltern-ecke.de,NA
lokalo.de,de
Hit-TV.eu,NA
wuerzburgerleben.de:,de
ansbachplus.de:,de
swity.de:,de
krypto-monitor.com,de
equapio.com,de
transportbranche.de,de
thilo-wessel.de,en
passioncrypto.com,fr
plusvisionen.de,de
mein-geld-blog.de,de
lettertest.de,de
bondguide.de,de
geldhunger.de,NA
diesparratgeber.de,NA
etf-blog.com,de
geld-welten.de,de
nuernberger-blatt.de,de
dahool23.de,de
geldanlage.de,de
LangweilDich.net,NA
serieslyAWESOME.tv,de
QUIZmag.de,en
erlensee-aktuell.com,de
wissenswelt.info,de
bankhelfer.de,de
finanzquelle.com,de
financeshark.de,de
Adiceltic.de,de
deutsche-staedte.de,de
aktiencheck.de,de
stock-world.de,de
fondscheck.de,de
anleihencheck.de,de
haushaltsgeld.biz,en
swinger-welt.com,de
manikuere-tipps.de,de
passiermaschine24.de,de
elternzeitschrift.com,de
muenchen-sozial.de,de
balkanreisen.de,de
nette-hundefreunde-forum.de,de
skilifte-im-schwarzwald.de,de
grill-tipps.info,de
buy-sale-invest.de,de
kaffeepad-ratgeber.de,de
vknn.at,NA
finanzer.at,de
mytoday.at,de
fgg.at,de
jetzt.de,de
moritz.de,de
menschenzeitung.de,de
mercedes-fans.de,de
schieb.de,de
wochenblitz.com,de
arge-canna.at,de
danielgrosse.com,de
65rosen.de,de
andyfm.de,de
prinz.de,de
lifego.de,de
mediennerd.de,de
nat-games.de,de
somsax.de,en
monat.at,de
beautypunk.com,de
auslandsueberweisung-guenstig.de,de
gaminggadgets.de,de
lifestylesite.de,NA
mehreinkommen24.com,de
debata.pravda.sk,sk
superillu.de,de
modeopfer110.de,de
erlebnis-rio-de-janeiro.de,NA
zoogast.de,NA
aho.bio,de
fussballinfos.ch,de
today24.pro,en
reisekasse.org,NA
curassist.de,NA
stress-auszeit.ch,de
tageszeitung.it,de
evocars-magazin.de,de
world-of-bike.de,de
haushaltsapparate.net,de
diecheckerin.de,de
tschjornii-productions.eu,de
wetter-eggerszell.de,de
rasen-experte.de,de
archysport.com,en
reinigerz.de,de
footballhebdo.com,NA
menschenmitbehinderung.com,de
somsak.de,de
schneehoehen.de,de
brasilienmagazin.net,de
gruene-zitate.de,de
motortipps.ch,de
berlin-sehen.de,de
propromis.de,de
intux.de,de
cryptoticker.io,en
ariva.de,de
forexclub.pl,pl
kagels-trading.de,de
maennerratgeber.at,de
internettricks.de,NA
business-on.de,de
stock-channel.net,NA
stockselect.de,NA
generation55plus.net,de
gehirnonline.de,NA
lite-magazin.de,de
everbill.com,de
die-geldmaschine.com,NA
swiss.economicblogs.org,en
bernecker1977.de,de
digital-freaks.de,de
yannikeichel.de,de
lichterwelt24.net,de
entgelt.de,de
io-group.de,de
pfefferminzia.de,de
billomat.com,de
proklartexxt.de,de
asanayoga.de,de
anleihen-finder.de,de
bm-online.de,de
hanfblatt.cannaable.de,NA
bautipps.de,de
freizeitcafe.info,de
io-business.de,de
bouvier-investiert.net,de
healthcare-startups.de,de
startupbrett.de,de
whirlpools.org,de
marx-bloggt.de,de
schmidtisblog.de,de
startupwissen.biz,de
indische-wirtschaft.de,de
watchthusiast.de,de
studibuch.de,de
haushaltstipps.net,de
startup-mitteldeutschland.de,de
ic-gruppe.com,de
presseraum.at,de
lambertschuster.de,de
schwimmbad.de,de
likehifi.de,de
weser-ems-wirtschaft.de,de
braintrust-group.de,de
coach-im-netz.de,de
shots.media,de
brainperform.de,de
blog.searchtalent.de,de
hessen-tageblatt.com,de
hcc-magazin.com,de
pr-stunt.de,de
journal-lokal.de,de
raushier-reisemagazin.de,de
deutschland-report.de,en
socko.de,de
exklusiv-immobilien-berlin.de,de
recruitingnerd.de,de
hometipp.ch,de
business-tips.de,de
addis-techblog.de,de
digital-age.net,de
artikles.at,NA
landings.de,NA
tippsundtricks.co,de
trendomat.com,de
wohnungs-einrichtung.de,de
schule2020.de,NA
andydunkel.net,de
online-gruender.com,en
meineprivatenfinanzen.de,NA
energieblog.de,de
lasno.de,de
phinanzielle-freiheit.at,de
on4us.eu,NA
sachwert-nord.de,NA
sanitaerblog.de,de
indexierer.de,de
industrie-contact.ch,de
dienstleister-im-netz.de,en
lifeverde.de,de
deifin.de,de
immobilien.de,de
consulting.de,de
ixpro.de,NA
rechnungswesen-portal.de,de
bilanzcowboys.de,de
tabularum.de,de
eilbote-online.com,de
i-magazin.com,de
trading-ideen.de,de
kellermann-international.de,NA
finanznavigator.de,NA
finanzdurchblick.net,de
franchiseportal.ch,de
verticalinvest.it,NA
handelszeiten.de,NA
gastprodo.com,en
mit-pferden-reisen.de,de
erfolgundbusiness.de,de
autofahrer-aktuell.de,de
photoadventure.eu,de
crowdfoods.com,de
kolumne24.de,NA
zs-ecommerce.com,NA
good-news.info,en
it-management.today,en
hilfe-beim-leben.de,NA
mohio.org,de
matthias-petrat.com,de
insektschutz.de,de
the-impish-ink.de,NA
wohnkultur.de,de
absolventen.de,de
blog.helmutkarger.de,de
fernsehenonline.at,de
finanzentest.de,de
bloggerherz.de,de
schlafen-schnarchen.de,de
bitcoin-news.one,en
trendingtopics.at,de
onlinepc.ch,de
bizkanal.de,de
handelskontor-news.de,de
mobilebanking.de,de
bankenmaerchen.de,de
coin-flip-trading.com,de
bundesweitefinanzberatung.de,de
laxary.de,de
trader-stammtisch.de,de
sajonara.de,de
gruender.de,de
das-unternehmerhandbuch.de,de
goers-communications.de,de
hochgepokert.com,de
popwebdesign.de,de
elliott-waves.com,de
exklusiv-muenchen.de,de
limegreen.at,de
techify.de,NA
geheimtippstuttgart.de,de
cosmoty.de,de
gruene-startups.de,de
russlandkontrovers.com,NA
strongg.com,de
autonomes-fahren.de,de
gastroecho.de,de
johannesmairhofer.de,de
top-elternblogs.de,de
gesundvision.de,de
immobilienmarktheidelberg.de,de
brummionline.com,de
hab-weimar.de,de
flmakler.de,de
aguart.de,de
fussball-news.de,de
golf-live.de,de
blueprints.de,de
lohn1x1.de,de
bvsi.de,en
pr-agent.media,de
themepark-central.de,de
boersenradio.at,de
fitundsport.de,de
fitnessquatsch.de,de
raidrush.net,en
brn-ag.de,de
business-travel.de,de
eturbonews.de,de
ftor.de,de
thetraveller.vip,de
unitednetworker.com,de
wirtschaftsforum.de,de
capitalo.de,de
bedeutungonline.de,de
hamburg-zwei.de,de
Reise-preise.de,de
rockantenne.hamburg,de
blogtotal.de,de
tagmarks.de,de
propokerblog.com,NA
maxmoney.ch,de
Presalesmarketing-blog.com,de
Nagellack-test.eu,de
training-outdoor.de,de
bindung-mitarbeiter.de,de
brand-employer.de,de
personal-gewinnung.de,de
re-cruiting.de,de
verguetungsmodell.de,de
zielevereinbaren.de,de
badewannen-einstiegshilfe-test.de,de
bin-ich-jetzt-schwanger.de,de
rasenmaeher-kaufen.net,de
sandkasten-check.de,de
staubsauger-kaufen.org,de
tageslichtlampetest.org,de
toiletten-tipp.de,de
fickmaschine-kaufen.eu,de
TeDaMo.de,de
frauundkarriere.com,de
regio-aktuell.at,de
wohlfuehlweb.at,de
zackzack.at,de
maxfunsports.com,NA
digitalfernsehen.de,de
haus-garten-test.de,de
smartissimo.de,de
sierks.com,de
efbs-eeb.de,de
passivmoney.de,de
social-trading-book.de,de
aquawissen.de,de
arbeitdigital.de,de
grazia.nl,nl
anorama.nl,NA
tipsenweetjes.nl,nl
upcoming.nl,nl
dingenvoorvrouwen.nl,en
elegance.nl,nl
beaumonde.nl,nl
marieclaire.nl,nl
revu.nl,nl
playboy.nl,nl
kookfans.nl,en
nautique.nl,nl
wielerrevue.nl,nl
happyinshape.nl,nl
lekker.nl,nl
autobahn.eu,nl
wo-studieren.de,de
reimus.net,de
Controlling-Portal.de,NA
vermieter1x1.de,de
ratgeber-hochzeit.de,de
hochzeitundich.de,de
verlobungsantrag.de,de
hochzeitskredit.eu,de
trauringoase.de,de
candybar-hochzeit.de,de
hochzeitsstempel.com,de
hochzeitsshop.net,de
hochzeits-abc.at,de
ratgeber.reise,de
welt.reise,de
rund-um-spanien.de,de
stadt.reise,de
deinreiseforum24.de,de
norddeich-infos.de,de
backpacking-ratgeber.de,de
ferienwohnung-ferienhaus-weltweit.at,de
ostseeunterkunft-online.de,de
smiley-paradies.de,de
urlaubnordsee-esens-bensersiel.de,de
bensersiel-infos.de,de
holiday-casa.de,de
unterkuenfte-norderney.de,de
neuharlingersiel-info.de,de
tierabwehr.net,de
katze-ratgeber.de,de
mydreamdogs.de,de
alles-fuer-den-hund.com,de
tiergesundheit-aktuell.de,de
welpenhaus.de,de
holisticats.de,de
beautifulldogs.de,de
die-wilden-tiere.de,de
pfotenderliebe.de,de
pferdundfutter.de,en
katzenfudda.de,de
katzn.de,de
katzenklatsch.de,de
heimtiere-online.de,NA
fischverhalten.de,de
angelguru.de,de
sauna-tempel.de,de
einfach-gesund-gut.de,de
meingesundheit.de,de
akne-aktuell.de,de
abnehmen-sommerlich-leicht.de,de
back-to-nature.de,de
fussball-geschenke-fuer.de,de
gaestebuch4u.de,de
strand-bilder.com,de
fotoalbum-pro.de,de
photo-tipps.de,de
fotocomposer.de,NA
smileygarden.de,de
100besteschriften.de,de
schuheil.de,de
landlive.de,de
bio-im-garten.de,de
next-bbq.de,de
barbue.de,de
grill-bestellen.com,de
garten247.de,de
teich-fans.de,de
gartenstuhl24.com,de
hochbeetkauf.com,de
tolletomaten.de,de
in-your-face.de,de
festlguide.de,de
berlinu.de,de
syburg.de,NA
classwatch.org,de
mompower.de,de
rubeniablog.de,de
lippenstift-und-butterbrot.de,de
shishatempel.de,de
trinkkaffee.de,de
cafe-aroma.de,de
akku-doktor.de,NA
unifloh.de,de
edaktik.de,de
educationhints.eu,de
digital-nomad.de,de
ihr-rentenplan.de,de
haftpflichtversicherung.com,de
heizungsbauforum.de,de
heimrichten.de,de
schlafdesign.de,de
onlineshop-welt.de,de
suchwiesel.de,de
frage-antworten.com,de
teuflischgenial.de,de
redaktionzukunft.de,de
einfach-sicherer-sein.de,de
freitagmorgen.de,de
fuel-pilot.de,de
Wunschauto24.com,de
Trojaner-Info.de,NA
baby-welten.de,de
yoga-welten.de,de
bauen-und-heimwerken.de,de
laender-reisen.de,de
vitalernaehrung.de,de
literatur-welten.de,de
trend-blogger.de,de
musiker-knowhow.de,en
fastlane-design.de,de
lr-shop-direkt.de,NA
nightpics.de,de
tagblatt-anzeiger.de,NA
zukunftstechnologien.info,de
kinder-jugend-familie.info,de
reise-urlaub-abenetuer.info,NA
gesunder-koerper.info,de
life-und-style.info,de
financesonline.net,de
home-business-erfahrungen.com,NA
waidler.com,de
schrift-architekt.de,de
Mittelstandsanzeiger.de,NA
DerStandard.at,de
blogs.urz.uni-halle.de,de
datenschutz-eprivacy.de,de
lars-sobiraj.de,NA
ueberwachungskamera-tests.com,NA
randolf.jorberg.de,NA
borncity.com,de
eblocker.org,en
supermarkt-inside.de,de
oc-freak.de,de
akademie-herkert.de,de
desmondo.de,de
perfekt-zocken.de,de
eraffe24.de,NA
christian-drastil.com,de
genussmaenner.de,NA
dir-info.de,NA
travelbusiness.at,de
windowspower.de,de
chatroom2000.de,en
freundederkuenste.de,de
goodnight.at,de
die-fans.de,NA
mailhilfe.de,de
nordhessen-rundschau.de,de
raidrush.ws,en
videonerd.de,de
laptopkarten.de,en
surfsticks.de,en
Pressemeier.de,de
Platoblockchain.net,en
Coingenius.news,en
Bibi.news,en
soaktuell-archiv.ch,de
binaerer-optionshandel.de,de
cfd.guide,de
juppp.de,de
blockchainmoney.de,de
contentmarketing.ch,de
bettinchen.de,de
finanzgenie.net,NA
netzfunk.at,de
cbd-ecke.de,de
mallisgeldverdienst.de,de
eltern-heute.de,de
itsintv.de,de
frankies-world.de,de
experte-fuer.de,de
ingolstadt-reporter.de,NA
zeitpuls.com,de
honornews.de,de
test.fitnesswelt.de,NA
netzwerke.com,de
nils-snake.de,de
theman.de,de
aktiv-magazin.com,de
chemnitz-online.de,de
ermland-masuren-journal.de,de
robinbrunold.de,de
get-it-gay.at,de
my-trend.org,de
helpmag.de,de
pressabutton.de,de
smartphone-mania.de,de
hubsociety.co,NA
welt-verzeichnis.com,NA
bestcryptos.info,de
your-factory.de,de
spielkartenshop.de,en
Familieninfo.at,de
Bruttogehalt.at,de
studententarife24.de,de
geizstudent.de,de
studyator.de,de
kleingebloggt.de,de
proteinguru.de,de
newsweb.de,de
kreditkartenexperte.de,de
girkontenexperte.de,NA
kreditkarten100.de,de
finanzblatt.de,de
Gifzentrale.com,de
Kryptokanal.de,de
Sheldon-Cooper.de,de
Almased-Ratgeber.de,de
geniesserinnen.de,NA
gentlemantoday.de,de
anleger-betrug.de,de
aerotelegraph.com,de
quotenmeter.de,de
polen-pl.eu,de
vau-max.de,NA
3minutencoach.com,de
kulturpoebel.de,de
auto-einbau.de,NA
diybook.ch,de
librezoom.net,de
ewige-tabelle-bundesliga.de,de
4-4-2.com,de
adonis-magazin.net,de
marketinginwestfalen.de,de
goethe.fraenzel.de,NA
erfolgsfakten.de,de
community.larasch.de,de
architektur-online.com,NA
medavital.de,de
spermidin-kapseln.de,de
yoschi.cc,de
us-wohnwagen.de,de
auszeit.bio,de
vernetztesicherheit.de,en
finance-news.lu,en
silicon.de,de
itespresso.de,de
crowdstreet.de,NA
investorsinside.de,de
kapitalanlage-welt.de,de
onlinezeitung.co,NA
aktien-portal.at,NA
karrierebibel.de,de
magazintraining.com,de
channelbiz.de,de
werbetipps.com,de
frask.de,de
onprnews.com,de
dampfer-abc.de,NA
aussenden.com,de
bewerbungsanschreiben.info,de
finanz-geld-portal.de,de
finanzpilotin.de,de
business-presse.de,de
pressfeed.de,de
cryptoresearchreport.de,de
de.linkfang.org,NA
backspin.de,de
iflebenskunde.de,de
horseweb.de,de
louiseethelene.de,de
wirtschafteinfach.de,de
klaudija.de,de
karriere-im-sportmanagement.de,de
diebadhomburger.de,NA
pressboard.de,de
sportfails.de,de
munichfire.com,NA
forum.webhostlist.de,NA
schreib-essay.com,de
runplugged.com,de
geldjournal.at,de
private-krankenkasse-pkv.de,de
paid4-world.de,de
bau-welt.de,de
gofilemaker.de,de
foxload.com,de
motorblock.at,de
techliveradio.de,de
michael-falkner.com,de
testsieger-info.de,de
netties-schnueffelecke.de,NA
golf-helfer.de,de
mister-matthew.de,de
woll-magazin.de,de
spielpunkt.net,de
be-outdoor.de,de
topagemodel.de,en
hai-angriff.de,de
street-foodfestival.com,de
investoren-brief.com,NA
events24.ch,de
mein-geldanlage-vergleich.de,de
grillkameraden.de,de
infocredit.ch,fr
gesundheit-managen.de,de
follow-your-feet.com,de
prag-tourist.de,de
boersen-trends.de,NA
homometrica.ch,de
meisterwrk.com,de
kurtz-detektei-stuttgart.de,de
alternativ-fahren.de,de
finanzfreunde.net,de
kurier.de,de
renovieren.de,de
verpackungswirtschaft.de,de
studenten-umzugshilfe.com,de
garten-des-lebens.de,de
efenpress.gr,NA
baby-kinderwelt.de,de
kin+A5:A64,de
xn--tiefkhlschrank-ratgeber-gpc.de,de
toptests.de,de
bügelpuppe.de,NA
spielbogen-holz.de,NA
eck-sofa.de,de
wirtschafts-wissen.de,de
playrough.de,de
bierolymp.de,de
kokosnusswasser.net,de
gartensparte24.de,de
lebenslanggesund.de,de
fürbitten-taufe.com,de
reisefein.de,de
immobaron.de,de
fondue-set.de,de
ketogen-und-fit.de,de
keramikgrill.net,de
sauf-trinkspiele.de,de
ergometer-tests.de,de
weltweit-urlauben.de,de
aurich-infos.de,de
reiselaender-blog.de,de
technik-buddy.de,de
baby-kind-spielzeug.de,de
thrombophlebitis.de,de
beauty-wellness-4you.de,de
autokostenauskunft.net,de
hochzeitsvergnuegen.de,de
bartpflege-set.de,de
oelpresse.org,de
gesunddurchsjahr.de,de
deineigeneshomegym.de,de
gartentraeumerei.de,de
brautrezepte.de,de
tierweltdeluxe.de,NA
haustierhilfe.at,de
elektrischekühlbox.de,de
htv-rugby.de,NA
rudergeraete-tests.de,de
schrift-generator.net,de
milbenmeister.de,de
riesenteddybär.de,de
wort-spielereien.de,de
schrift-generator.org,de
uhrenundschmuckversand.de,de
kaufpiraten.de,de
goodme.de,de
palace-music.de,de
derimmobilienkompass.de,de
witze-funblog.de,de
bestekatzenfutter.de,de
schmuckkasten-test.de,de
wollwalk.de,de
bierzeltgarnitur-shop.de,de
bierzeltgarnitur-abc.de,de
familienbrettspiele.de,de
meinyogaretreat.de,de
pikler-dreieck.de,de
piepmatzel.de,de
suchwiesel24.de,NA
aoz-handchirurgie.de,de
kunstsuche24.de,NA
naturtest.com,de
streetdeal.de,de
gamebenthic.de,de
blutwerte.org,de
eigengewaesser.de,de
yopedo.de,de
sessel24.net,de
gesundheit-info.org,de
hpwt.de,de
factasia.de,de
f2-news.de,de
piklerdreieck.de,de
tierbedarf-bieker.de,de
wiewitzig.de,de
ostsee-ferienziele.de,de
hybrid-infos.de,de
brasilien-netz.de,de
financeblogger.de,de
grill-news.de,de
lebensmittelunvertraeglichkeiten.de,de
woomps.de,de
mamas-hausmittel.de,de
verdi-publik.de,de
heidelberg-guide.de,de
waterpoloworld.de,de
bleib-passiv.de,de
kinderspielexperten.de,de
anglerzentrale24.de,de
herzsymbole.de,de
kloster-reisach.de,de
herzzeichen.de,de
fotemia.de,de
twenty-7.de,de
deutschland-und-frankreich.de,de
azonprofi.de,de
baby-traum24.de,de
nyc-info.de,de
afm-reisen.de,de
sebsn.de,de
oki-style.de,de
twind.eu,de
thiecom.de,de
immobiliencommunity.de,de
grisoft.de,de
master-gitarre.de,de
finanzinfo-blog.de,de
text-spinner.de,de
socialtrademarks.de,de
nachrusslandreisen.de,NA
tuerkei-erkunden.de,de
zypern-entdecken.de,de
guideurope.eu,de
wann-ist-muttertag.net,NA
klimawandel-global.de,de
uhrenboxtest.de,de
stars-gaming.de,de
kann-man-essen.de,NA
tropical-fotos.de,de
hunde-wissen.de,de
badewannenrennen-meisterschaft.de,de
holzspielzeug-discount.de,de
nina-brautmoden.de,de
havelzeitung.de,de
targetimmobilien.de,de
spruchfeder.de,NA
auk-immobilien.de,de
kirchenkreis-hy.de,NA
belledejour-wellness.de,de
tinas-rezeptblog.de,de
portal-der-erinnerung.de,de
autohandel-ulrich.de,de
flowtrail-ottweiler.de,de
kreuzbandriss-blog.de,de
rezepte-zubereiten.de,de
activaero.de,NA
heizt.de,de
der-andere-verlag.de,de
liebeundromantik.de,de
hilfsweise.de,de
wirtschaftsinformatik-24.de,de
immobilien-team-starnberg.de,de
holstencityman.de,de
soccerfinder.de,de
sahin-immobilienteam.de,NA
tuning-ford.de,de
ars-music.de,de
happy-moves-plus.de,de
regionalmuseen-berlin.de,de
achieveglobal.de,de
immobilien-siepe.de,de
schmalfeldt-immobilien.de,de
garanterra.de,NA
picstyle.de,de
espressofreunde.de,de
firmos.at,de
business2business.at,de
scincare.de,NA
24-7news.de,NA
hegau-portal.de,de
blogberry.de,de
travelgorilla.de,de
ocadia.de,de
corpsstudent.de,de
lucasbloggt.de,de
moniques-blog.de,de
feed-magazin.de,de
mtgaming.de,de
ip-profis.de,NA
wirtschafts-nachrichten.de,de
kunstamtkreuzberg.de,de
disagu.de,de
wikommverlag.de,de
jobwall24.de,NA
fabrik-net.de,de
sexualmadness.de,de
wizeblog.de,de
glamour-and-glitter.de,NA
net-netz-blog.de,de
werbetipps-blog.com,de
werbemedien-ratgeber.de,de
werbeartikel-ratgeber.de,NA
voi-lecker.de,de
voi-outdoor.de,de
echte-leute.de,de
schachboxer.de,de
zdnet.de,de
cnet.de,de
Autogas-Boerse.de,de
Autogasforum.de,de
heizungshero.de,de
osxi.de,NA
alle-rezepte.com,de
xbox360-forum.de,de
outdoor-sport-online.de,NA
fewo-reisen.com,NA
fitness-quelle.de,de
meinrestaurant.de,NA
weelife.de,NA
fitness-kueche.de,de
vidonna.de,NA
witzelounge.de,de
bendecho.com,en
finanzprofile.net,NA
studivergleich.de,NA
yp-berlin.de,NA
feworeisen.de,NA
oldtimerpalace.com,NA
tarifeonline.net,NA
power-cash.com,NA
otv.de,de
games-mag.de,de
nicht-spurlos.de,de
frizz-frankfurt.de,de
der-prozessmanager.de,de
gruenderlexikon.de,de
webdesign-podcast.de,de
ligablatt.de,de
world-economy.eu,de
blickpunkt-nrw.de,de
slashtechnik.de,de
ebike-zone.de,de
kreuzfahrt4punkt0.de,de
steuer-schutzbrief.de,de
dresdenausflug.de,de
onlineshops.de,de
da-software.net,de
dieburgenlaenderin.at,de
droid-boy.de,de
zwentner.com,en
fempreneur.de,de
sozialleistungen.info,de
revista.de,de
unalife.de,de
windows-faq.de,de
pastaweb.de,de
parkerlebnis.de,de
germanmotorkult.de,de
livvi.de,de
mindstyle-magazin.com,de
seltenekrankheiten.de,de
usatipps.de,de
infosat.de,de
de.beincrypto.com,de
vivabini.de,de
langfristanleger.net,de
radio.fr,fr
hallo-frau.de,de
suv-cars.de,de
lady-blog.de,de
bewusster-leben.de,de
reisen-fotografie.de,de
gazetefutbol.de,de
reiseziele.ch,de
sir-apfelot.de,de
hack4life.org,de
drwindows.de,de
play-experience.com,de
ekiwi.de,de
diesteirerin.at,de
blog.tmc-gmbh.de,en
gastronomieguide.de,de
sega-portal.de,NA
vivanty.de,de
landespresseportal.de,NA
haustiere-lexikon.com,de
forum.hardwareinside.de,de
meine-auto.info,de
americar.de,NA
gamesunit.de,de
xbox-liveforum.de,NA
gamepire.de,de
bondguid.de,NA
auto-presse.dе,NA
123finanzen.com,de
girokontenexperte.de,de
Iwer.Info,de
dresden-online.de,de
geo-quiz.de,NA
Coupe-S.de,NA
Mosel-Erlebnisse.de,de
claus.de,de
hauptstadtpapa.com,de
moobilux.com,de
kaffeepiraten.com,de
looklive.at,de
norderney-infos.de,de
formentera-island.de,de
fincredit.de,de
autolexikon.net,de
zahlt-die-vollkasko.de,de
Im-auto.de,de
autowallpaper.de,de
motorradwallpaper.de,NA
byc-news.de,de
crypto-invest.io,en
gamezine.de,de
v-dak.de,de
net-developers.de,de
skenteridis.com,NA
kryptokoll.de,de
makesmoney.de,en
swisscryptoschool.com,de
deinecryptonews.de,NA
pageballs.com,de
etfsparplan.com,de
tipps-vom-experten.de,de
efinanz24.de,de
avuba.de,de
immokat.de,de
kreditkarte-kostenlos-im-vergleich.de,de
skyraider.de,de
kritischer-finanztester.de,de
haushalt-garten-ratgeber.de,de
gitschtal.news,de
esanitas.info,de
anti-aging-magazin.de,de
mytipps.com,de
weltderfinanzen.net,de
this-is-vegan.com,de
allgemeine-nachrichten.de,de
jobsandjobs.de,de
alt.fezz.tv,NA
wimmeroth.com,en
derwirtschaftsinformatiker.de,de
alexundvalerie.com,NA
furios.at,de
aktienredaktion.de,de
dasbestekonto.de,de
japablo.de,NA
daily-pr.de,NA
geld-mit-krypto.de,de
technik-247.de,NA
bayern-247.de,NA
sepa-portal.com,de
brokerbewertungen.net,de
stau.info,de
freizeit-mittelhessen.de,de
betrug.org,de
billig-tanken.de,de
multimedia.de,de
immoextra.at,en
bweins.de,de
sprachcrashkurs.de,de
info@sem-seo-gmbh.com,de
rabatthimmel.de,NA
gegenwind.info,de
aktiencheck.ariva.de,NA
mykidssafe.de,de
mobile.aktiencheck.de,de
stadtgame.de,de
der-reporter.de,de
alpha-mann.net,de
food-monitor.de,de
infoticker.ch,de
i-family.info,de
startuplove.de,de
newsgaming.de,de
unnuetzes.com,de
luenepost.de,de
mikrokredit24.net,de
kreditberechnen.com,de
blicklokal.de,de
hermannimnetz.de,de
das-pfalz-magazin.de,NA
dielinde.online,de
wirtschafts-abc.com,de
seniorenhandy.com,de
godl.de,de
seo-ranking-tools.de,de
rankwatcher.de,de
berlecon.de,de
online-marketing-heroes.com,de
kostenlose-games.de,de
1-2-family.de,NA
eronite.com,en
netzwelt.blogtotal.de,de
leipzig-sachsen.de,de
linux-abos.de,de
gartenmöbel-depot.de,de
netzkatzen.de,en
sport-oesterreich.at,de
veranstaltungen-regional.de,de
gutscheinspruch.de,de
toughmagazine.de,de
sunshine.it,de
der-windows-papst.de,de
Verliebt-im-Norden.de,en
Prinz-sucht-Funkenmariechen.de,de
Hochzeitsmesse-Ammerland.de,de
Vegetarische-Kochbox.de,de
Last-Minute-Mallorcareisen.de,de
Schallplatten-Junkies.de,de
Stuhlhussen-Verleih-Norddeutschland.de,de
Wickelrucksack.info,NA
Porzellan-Welt.de,de
Schöne-Sprüche-und-Zitate.de,de
Weddingpicturehamburg.de,de
Hochzeitsdj-Norddeutschland.de,de
Spielbanken-Norddeutschland.de,de
Till-Eulenspiegel.de,de
Haustiere-Heute.de,de
Rentner-News.de,de
Schlank-gesund-fit.de,de
snarl.de,de
360Clicks.de,de
Nordseeinseln.net,de
Ferienhaus-Dänemark.info,de
Eisprungkalender.net,de
Berlinwetter.de,de
Blogowogo.com,de
Eigenheim-Ratgeber.de,de
Huntewesernews.de,de
Partystrip-Norddeutschland.de,de
Prinz-sucht-Prinzessin.de,de
Autoran.de,de
Gossipcheck.com,de
Frauenratgeberin.at,de
Alooa.de,de
Home-and-garden.tv,de
Just4Fun-Magazin.de,de
newsweb.dee,NA
geldanlage.dee,NA
girkontenexperte.dee,NA
kreditkarten100.dee,NA
colivery.de,NA
crazy-box-berlin.de,NA
digitaljournalist.eu,en
financepoints.eu,NA
kaffeevollautomat-testportal.de,NA
kinesio-tape-handel.de,de
nageldesignzentrale.de,de
staedtereise-budapest.de,NA
traumawien.at,NA
arte-mare.eu,NA
best-top.de,de
bike2b.de,de
contisoccerworld.de,NA
english-bulldogforum.de,en
epowers.org,de
fermodes.de,de
hmb-tec.de,NA
immonovia.de,de
inselspringen.de,en
jensrusch.de,de
jonsbo.eu,en
kayaba.de,de
mathematik-forum.de,en
medicalscg.de,en
motornet.at,NA
muskelschmerzen.eu,de
psp-homebrew.eu,en
royalsportal.de,NA
seniorennet-hamburg.de,NA
taschengeldgangster.de,NA
tiefkühlschrank-ratgeber.de,NA
transitiontown-friedrichshain-kreuzberg.de,NA
zevenos.de,NA
gesunde-nahrung.info,de
geschenkratgeber.at,de
schmerz-weg.info,de
schlaflose-nacht.com,de
schulkind.info,NA
decent-daydream.at,de
blogger-ratgeber.com,de
reitenshi.net,de
mein-haustier.at,de
ansoko.info,de
Angurten.de,de
Hotel-Zentrale.de,de
Fitnesswelt.de,de
Skiwelt.de,de
Laender-erleben.de,de
finanzier-dein-studium.de,de
kreditnavi.de,NA
jaywop.de,NA
ratenkreditcheck.com,NA
kleinkreditcheck.com,NA
sofortkreditcheck.com,de
billigkreditcheck.de,de
seigopo.com,NA
studier-weiter.de,NA
direktkreditcheck.de,NA
barolino.ch,NA
airbnb-host.com,en
elektro-ebikes.de,NA
paderborn-fischteiche.de,NA
ratgeberstudieren.wordpress.com,de
autofanatiker.de,de
celica-community.de,de
managerplanet.de,de
prominachrichten.de,de
sport-fussball.de,de
toyota-supra.de,de
film-blog.tv,en
einkaufszentrum.com,de
Mainzund.de,de
netkompakt.de,NA
ddirekt.com,de
news25.de,NA
der-klare-blick.com,NA
preschau.com,NA
btcpost.net,NA
webcompact.net,NA
homment.com,en
medtipp.com,de
movie4k-news.com,NA
reisenzeigen.de,de
polizeiinfo.com,NA
becomepro.de,de
homepage-design24.de,de
fakeanything.com,de
verax.de,de
arktischeabenteuer.de,de
xc2.de,de
ortpublishing.de,de
peacelink.de,de
city-of-science.de,de
control-e.de,de
p-a-g-e.de,de
opposition24.com,de
pressecop24.com,de
bolesch-analysen.com,de
robomarkets.de,de
sport-90.de,de
babyclub.de,de
musicload.de,de
haustiermagazin.com,de
hochzeit-selber-planen.com,de
botanikus.de,de
sportaktiv.com,de
greenya.de,de
nice-magazin.de,de
hanfjournal.de,de
photovoltaik-guide.de,de
autohof-guide.de,NA
radtouren.de,de
platinnetz.de,de
theclubmap.com,de
breifreibaby.de,de
schlafzimmer.de,de
trekkingmagazin.com,de
audifieber.de,en
doit-tv.de,de
123familie.de,de
freie-pressemitteilungen.de,de
hochzeitskiste.info,de
tierarztblog.com,NA
kreuzfahrt-praxis.de,de
wohnnet.at,de
tab.noen.at,de
technikblog.net,de
jobswype.at,de
photoshop-weblog.de,NA
adc11.de,NA
leimenblog.de,de
bestatterweblog.de,de
klardigital.de,de
schwanger-online.de,de
dein-dlrp.de,de
terrasse-und-garten.net,de
